{"cameraMode":{"drawMode":0,"name":"Shaded","section":"Shading Mode"},"sceneLighting":false,"audioPlay":false,"sceneViewState":{"showFog":true,"showMaterialUpdate":false,"showSkybox":false,"showFlares":true,"showImageEffects":true,"showParticleSystems":true},"in2DMode":false,"pivot":{"x":-13.6983003616333,"y":0.9925138354301453,"z":2.757424831390381},"rotation":{"x":0.012292909435927868,"y":0.658366322517395,"z":0.002951317932456732,"w":-0.7539081573486328},"size":23.846986770629884,"orthographic":false}