{"cameraMode":{"drawMode":0,"name":"Shaded","section":"Shading Mode"},"sceneLighting":false,"audioPlay":false,"sceneViewState":{"showFog":true,"showMaterialUpdate":false,"showSkybox":false,"showFlares":true,"showImageEffects":true,"showParticleSystems":true},"in2DMode":false,"pivot":{"x":-0.022724628448486329,"y":0.08068220317363739,"z":0.06022908538579941},"rotation":{"x":0.02319629117846489,"y":0.9006369113922119,"z":-0.045771341770887378,"w":0.43270155787467959},"size":0.16464942693710328,"orthographic":false}