{"cameraMode":{"drawMode":0,"name":"Shaded","section":"Shading Mode"},"sceneLighting":false,"audioPlay":false,"sceneViewState":{"showFog":true,"showMaterialUpdate":false,"showSkybox":false,"showFlares":true,"showImageEffects":true,"showParticleSystems":true},"in2DMode":false,"pivot":{"x":-0.8152934908866882,"y":-0.1273426115512848,"z":-5.686845302581787},"rotation":{"x":0.004481005482375622,"y":-0.991005003452301,"z":0.10129156708717346,"w":0.09862768650054932},"size":9.140871047973633,"orthographic":false}