{"cameraMode":{"drawMode":0,"name":"Shaded","section":"Shading Mode"},"sceneLighting":false,"audioPlay":false,"sceneViewState":{"showFog":true,"showMaterialUpdate":false,"showSkybox":false,"showFlares":true,"showImageEffects":true,"showParticleSystems":true},"in2DMode":false,"pivot":{"x":-0.806507408618927,"y":0.2752854824066162,"z":0.16205553710460664},"rotation":{"x":0.0053464146330952648,"y":-0.9930430054664612,"z":0.06630168110132218,"w":0.10186334699392319},"size":1.3695287704467774,"orthographic":false}