{"cameraMode":{"drawMode":0,"name":"Shaded","section":"Shading Mode"},"sceneLighting":false,"audioPlay":false,"sceneViewState":{"showFog":true,"showMaterialUpdate":false,"showSkybox":false,"showFlares":true,"showImageEffects":true,"showParticleSystems":true},"in2DMode":false,"pivot":{"x":-4.0575151443481449,"y":1.444778561592102,"z":1.676182508468628},"rotation":{"x":-0.0002114060625899583,"y":-0.9997310042381287,"z":0.017108576372265817,"w":0.025083253160119058},"size":8.825016021728516,"orthographic":false}