{"cameraMode":{"drawMode":0,"name":"Shaded","section":"Shading Mode"},"sceneLighting":false,"audioPlay":false,"sceneViewState":{"showFog":true,"showMaterialUpdate":false,"showSkybox":false,"showFlares":true,"showImageEffects":true,"showParticleSystems":true},"in2DMode":false,"pivot":{"x":-1.2500001192092896,"y":0.6211900115013123,"z":0.10581474006175995},"rotation":{"x":-0.0007928431732580066,"y":-0.9741697907447815,"z":0.22665242850780488,"w":-0.00025336237740702927},"size":4.529373645782471,"orthographic":false}