{"cameraMode":{"drawMode":0,"name":"Shaded","section":"Shading Mode"},"sceneLighting":false,"audioPlay":false,"sceneViewState":{"showFog":true,"showMaterialUpdate":false,"showSkybox":false,"showFlares":true,"showImageEffects":true,"showParticleSystems":true},"in2DMode":false,"pivot":{"x":-0.05429961532354355,"y":1.9609066247940064,"z":3.5273191928863527},"rotation":{"x":0.02699068933725357,"y":0.004856927786022425,"z":-0.0021476075053215029,"w":1.0000663995742798},"size":15.321492195129395,"orthographic":false}