{"cameraMode":{"drawMode":0,"name":"Shaded","section":"Shading Mode"},"sceneLighting":false,"audioPlay":false,"sceneViewState":{"showFog":true,"showMaterialUpdate":false,"showSkybox":false,"showFlares":true,"showImageEffects":true,"showParticleSystems":true},"in2DMode":false,"pivot":{"x":0.29507511854171755,"y":-0.21985308825969697,"z":-1.2167764902114869},"rotation":{"x":0.02262222021818161,"y":0.9798908829689026,"z":-0.14381414651870728,"w":0.13981987535953523},"size":2.244689702987671,"orthographic":false}