{"cameraMode":{"drawMode":0,"name":"Shaded","section":"Shading Mode"},"sceneLighting":false,"audioPlay":false,"sceneViewState":{"showFog":true,"showMaterialUpdate":false,"showSkybox":false,"showFlares":true,"showImageEffects":true,"showParticleSystems":true},"in2DMode":false,"pivot":{"x":0.008436508476734162,"y":0.0968887209892273,"z":0.002614445984363556},"rotation":{"x":-0.028371917083859445,"y":0.9486490488052368,"z":-0.3041958212852478,"w":-0.10143508017063141},"size":0.5667675137519836,"orthographic":false}