{"cameraMode":{"drawMode":0,"name":"Shaded","section":"Shading Mode"},"sceneLighting":false,"audioPlay":false,"sceneViewState":{"showFog":true,"showMaterialUpdate":false,"showSkybox":false,"showFlares":true,"showImageEffects":true,"showParticleSystems":true},"in2DMode":false,"pivot":{"x":-0.00041663646697998047,"y":0.29768675565719607,"z":0.05287063121795654},"rotation":{"x":-0.04779592901468277,"y":0.9501286745071411,"z":-0.22523784637451173,"w":-0.21863433718681336},"size":2.1086363792419435,"orthographic":false}