{"cameraMode":{"drawMode":0,"name":"Shaded","section":"Shading Mode"},"sceneLighting":false,"audioPlay":false,"sceneViewState":{"showFog":true,"showMaterialUpdate":false,"showSkybox":false,"showFlares":true,"showImageEffects":true,"showParticleSystems":true},"in2DMode":false,"pivot":{"x":0.3226150572299957,"y":0.34429559111595156,"z":0.9132486581802368},"rotation":{"x":-0.009428818710148335,"y":-0.9920696020126343,"z":-0.08519774675369263,"w":0.09291620552539826},"size":2.188408374786377,"orthographic":false}