{"cameraMode":{"drawMode":0,"name":"Shaded","section":"Shading Mode"},"sceneLighting":false,"audioPlay":false,"sceneViewState":{"showFog":true,"showMaterialUpdate":false,"showSkybox":false,"showFlares":true,"showImageEffects":true,"showParticleSystems":true},"in2DMode":false,"pivot":{"x":-0.001026451587677002,"y":0.20315951108932496,"z":0.04646434634923935},"rotation":{"x":-0.0023636824917048218,"y":0.972858190536499,"z":-0.2375466674566269,"w":-0.02599155344069004},"size":1.2878081798553467,"orthographic":false}