{"cameraMode":{"drawMode":0,"name":"Shaded","section":"Shading Mode"},"sceneLighting":false,"audioPlay":false,"sceneViewState":{"showFog":true,"showMaterialUpdate":false,"showSkybox":false,"showFlares":true,"showImageEffects":true,"showParticleSystems":true},"in2DMode":false,"pivot":{"x":-0.45441001653671267,"y":0.42108574509620669,"z":0.7899212837219238},"rotation":{"x":-0.011365639977157116,"y":-0.990939199924469,"z":0.11348838359117508,"w":-0.07764331996440888},"size":5.261051654815674,"orthographic":false}