{"cameraMode":{"drawMode":0,"name":"Shaded","section":"Shading Mode"},"sceneLighting":false,"audioPlay":false,"sceneViewState":{"showFog":true,"showMaterialUpdate":false,"showSkybox":false,"showFlares":true,"showImageEffects":true,"showParticleSystems":true},"in2DMode":false,"pivot":{"x":-0.756109893321991,"y":-0.43869835138320925,"z":2.419973850250244},"rotation":{"x":0.08653604239225388,"y":-0.14707724750041963,"z":0.01295161060988903,"w":0.9852834939956665},"size":3.833451986312866,"orthographic":false}