{"cameraMode":{"drawMode":0,"name":"Shaded","section":"Shading Mode"},"sceneLighting":false,"audioPlay":false,"sceneViewState":{"showFog":true,"showMaterialUpdate":false,"showSkybox":false,"showFlares":true,"showImageEffects":true,"showParticleSystems":true},"in2DMode":false,"pivot":{"x":0.4453239440917969,"y":2.09438157081604,"z":-0.4131765365600586},"rotation":{"x":-0.19565212726593018,"y":0.5827708840370178,"z":-0.14811982214450837,"w":-0.7753522396087647},"size":59.564697265625,"orthographic":false}