{"cameraMode":{"drawMode":0,"name":"Shaded","section":"Shading Mode"},"sceneLighting":true,"audioPlay":false,"sceneViewState":{"showFog":true,"showMaterialUpdate":false,"showSkybox":true,"showFlares":true,"showImageEffects":true,"showParticleSystems":true},"in2DMode":false,"pivot":{"x":-7.7505059242248539,"y":4.937148094177246,"z":-32.506717681884769},"rotation":{"x":-0.1551027148962021,"y":-0.037817277014255527,"z":0.005130751058459282,"w":-0.9874193072319031},"size":1.5506432056427003,"orthographic":false}