{"cameraMode":{"drawMode":0,"name":"Shaded","section":"Shading Mode"},"sceneLighting":false,"audioPlay":false,"sceneViewState":{"showFog":true,"showMaterialUpdate":false,"showSkybox":false,"showFlares":true,"showImageEffects":true,"showParticleSystems":true},"in2DMode":false,"pivot":{"x":0.44044724106788638,"y":1.4731502532958985,"z":0.1426217257976532},"rotation":{"x":-0.004714190494269133,"y":-0.9958698749542236,"z":0.041441693902015689,"w":-0.08176429569721222},"size":6.1406683921813969,"orthographic":false}