{"cameraMode":{"drawMode":0,"name":"Shaded","section":"Shading Mode"},"sceneLighting":false,"audioPlay":false,"sceneViewState":{"showFog":true,"showMaterialUpdate":false,"showSkybox":false,"showFlares":true,"showImageEffects":true,"showParticleSystems":true},"in2DMode":false,"pivot":{"x":6.995817184448242,"y":6.951987266540527,"z":-21.241121292114259},"rotation":{"x":0.0007458432228304446,"y":-0.998935878276825,"z":-0.05252889543771744,"w":0.017546623945236207},"size":17.723697662353517,"orthographic":false}