{"cameraMode":{"drawMode":0,"name":"Shaded","section":"Shading Mode"},"sceneLighting":false,"audioPlay":false,"sceneViewState":{"showFog":true,"showMaterialUpdate":false,"showSkybox":false,"showFlares":true,"showImageEffects":true,"showParticleSystems":true},"in2DMode":false,"pivot":{"x":-2.4859390258789064,"y":0.14119873940944673,"z":-20.182937622070314},"rotation":{"x":0.1029108464717865,"y":0.892636239528656,"z":-0.36284139752388,"w":0.252927303314209},"size":72.4205093383789,"orthographic":false}