{"cameraMode":{"drawMode":0,"name":"Shaded","section":"Shading Mode"},"sceneLighting":false,"audioPlay":false,"sceneViewState":{"showFog":true,"showMaterialUpdate":false,"showSkybox":false,"showFlares":true,"showImageEffects":true,"showParticleSystems":true},"in2DMode":false,"pivot":{"x":0.392130583524704,"y":0.8576727509498596,"z":0.526054322719574},"rotation":{"x":-0.0470285601913929,"y":0.9506680369377136,"z":-0.20890997350215913,"w":-0.23224352300167085},"size":2.2640902996063234,"orthographic":false}