{"cameraMode":{"drawMode":0,"name":"Shaded","section":"Shading Mode"},"sceneLighting":false,"audioPlay":false,"sceneViewState":{"showFog":true,"showMaterialUpdate":false,"showSkybox":false,"showFlares":true,"showImageEffects":true,"showParticleSystems":true},"in2DMode":false,"pivot":{"x":-13.580366134643555,"y":0.9613437652587891,"z":-13.324039459228516},"rotation":{"x":-0.01811940222978592,"y":-0.9519657492637634,"z":0.30043140053749087,"w":-0.05746128410100937},"size":22.0,"orthographic":false}