{"cameraMode":{"drawMode":0,"name":"Shaded","section":"Shading Mode"},"sceneLighting":false,"audioPlay":false,"sceneViewState":{"showFog":true,"showMaterialUpdate":false,"showSkybox":false,"showFlares":true,"showImageEffects":true,"showParticleSystems":true},"in2DMode":false,"pivot":{"x":-1.031004786491394,"y":0.9602980613708496,"z":0.00945974700152874},"rotation":{"x":0.008158956654369831,"y":0.9946709275245667,"z":-0.0597241073846817,"w":0.08947224169969559},"size":3.2266573905944826,"orthographic":false}