{"cameraMode":{"drawMode":0,"name":"Shaded","section":"Shading Mode"},"sceneLighting":false,"audioPlay":false,"sceneViewState":{"showFog":true,"showMaterialUpdate":false,"showSkybox":false,"showFlares":true,"showImageEffects":true,"showParticleSystems":true},"in2DMode":false,"pivot":{"x":-1.4901161193847657e-7,"y":0.6031795740127564,"z":0.0},"rotation":{"x":-0.0005277774180285633,"y":-0.9727233648300171,"z":0.23278650641441346,"w":0.001227263710461557},"size":2.7090301513671877,"orthographic":false}