{"cameraMode":{"drawMode":0,"name":"Shaded","section":"Shading Mode"},"sceneLighting":false,"audioPlay":false,"sceneViewState":{"showFog":true,"showMaterialUpdate":false,"showSkybox":false,"showFlares":true,"showImageEffects":true,"showParticleSystems":true},"in2DMode":false,"pivot":{"x":-0.7282748222351074,"y":-0.6253634691238403,"z":-1.1587923765182496},"rotation":{"x":0.053687095642089847,"y":-0.925960123538971,"z":0.3437024652957916,"w":0.15009509027004243},"size":4.218410015106201,"orthographic":false}