{"cameraMode":{"drawMode":0,"name":"Shaded","section":"Shading Mode"},"sceneLighting":false,"audioPlay":false,"sceneViewState":{"showFog":true,"showMaterialUpdate":false,"showSkybox":false,"showFlares":true,"showImageEffects":true,"showParticleSystems":true},"in2DMode":false,"pivot":{"x":-0.5671321153640747,"y":0.3740296959877014,"z":-1.7055137157440186},"rotation":{"x":0.003908178303390741,"y":-0.9939903020858765,"z":0.05951375141739845,"w":0.09683737903833389},"size":4.7370991706848148,"orthographic":false}