{"cameraMode":{"drawMode":0,"name":"Shaded","section":"Shading Mode"},"sceneLighting":false,"audioPlay":false,"sceneViewState":{"showFog":true,"showMaterialUpdate":false,"showSkybox":false,"showFlares":true,"showImageEffects":true,"showParticleSystems":true},"in2DMode":false,"pivot":{"x":6.608717918395996,"y":3.2513015270233156,"z":2.648695945739746},"rotation":{"x":0.0012757021468132735,"y":-0.9388269782066345,"z":0.3460089862346649,"w":0.0070622642524540428},"size":4.190592288970947,"orthographic":false}