{"cameraMode":{"drawMode":0,"name":"Shaded","section":"Shading Mode"},"sceneLighting":false,"audioPlay":false,"sceneViewState":{"showFog":true,"showMaterialUpdate":false,"showSkybox":false,"showFlares":true,"showImageEffects":true,"showParticleSystems":true},"in2DMode":false,"pivot":{"x":0.03455495834350586,"y":-0.2636905312538147,"z":-0.04874277114868164},"rotation":{"x":0.28195828199386599,"y":0.6730901002883911,"z":-0.3067374527454376,"w":0.611821711063385},"size":10.576414108276368,"orthographic":false}