{"cameraMode":{"drawMode":0,"name":"Shaded","section":"Shading Mode"},"sceneLighting":false,"audioPlay":false,"sceneViewState":{"showFog":true,"showMaterialUpdate":false,"showSkybox":false,"showFlares":true,"showImageEffects":true,"showParticleSystems":true},"in2DMode":false,"pivot":{"x":2.018467903137207,"y":-0.7355422973632813,"z":4.448178768157959},"rotation":{"x":0.19421100616455079,"y":0.13147810101509095,"z":-0.025371314957737924,"w":0.9719770550727844},"size":7.143322944641113,"orthographic":false}