{"cameraMode":{"drawMode":0,"name":"Shaded","section":"Shading Mode"},"sceneLighting":false,"audioPlay":false,"sceneViewState":{"showFog":true,"showMaterialUpdate":false,"showSkybox":false,"showFlares":true,"showImageEffects":true,"showParticleSystems":true},"in2DMode":false,"pivot":{"x":-0.9525030851364136,"y":-0.6506744623184204,"z":-0.16400489211082459},"rotation":{"x":0.20938177406787873,"y":-0.741468608379364,"z":0.2728416919708252,"w":0.5769339799880981},"size":2.641524314880371,"orthographic":false}