{"cameraMode":{"drawMode":0,"name":"Shaded","section":"Shading Mode"},"sceneLighting":false,"audioPlay":false,"sceneViewState":{"showFog":true,"showMaterialUpdate":false,"showSkybox":false,"showFlares":true,"showImageEffects":true,"showParticleSystems":true},"in2DMode":false,"pivot":{"x":-0.03874559700489044,"y":-0.08483009785413742,"z":1.067747950553894},"rotation":{"x":-0.040766794234514239,"y":0.04010910913348198,"z":-0.0016684910515323282,"w":-0.9984107613563538},"size":1.5621099472045899,"orthographic":false}