{"cameraMode":{"drawMode":0,"name":"Shaded","section":"Shading Mode"},"sceneLighting":false,"audioPlay":false,"sceneViewState":{"showFog":true,"showMaterialUpdate":false,"showSkybox":false,"showFlares":true,"showImageEffects":true,"showParticleSystems":true},"in2DMode":false,"pivot":{"x":-0.13255375623703004,"y":0.016114994883537294,"z":0.18600133061408997},"rotation":{"x":-0.08337906002998352,"y":0.7659472227096558,"z":-0.10714149475097656,"w":-0.6312353014945984},"size":0.5762476325035095,"orthographic":false}