{"cameraMode":{"drawMode":0,"name":"Shaded","section":"Shading Mode"},"sceneLighting":false,"audioPlay":false,"sceneViewState":{"showFog":true,"showMaterialUpdate":false,"showSkybox":false,"showFlares":true,"showImageEffects":true,"showParticleSystems":true},"in2DMode":false,"pivot":{"x":-2.517195224761963,"y":-0.2937609851360321,"z":2.4800000190734865},"rotation":{"x":-0.18659164011478425,"y":-0.03904806822538376,"z":0.0010605741990730167,"w":-0.9826701879501343},"size":12.327688217163086,"orthographic":false}