{"cameraMode":{"drawMode":0,"name":"Shaded","section":"Shading Mode"},"sceneLighting":false,"audioPlay":false,"sceneViewState":{"showFog":true,"showMaterialUpdate":false,"showSkybox":false,"showFlares":true,"showImageEffects":true,"showParticleSystems":true},"in2DMode":false,"pivot":{"x":-2.0865108966827394,"y":2.5173885822296144,"z":1.3386067152023316},"rotation":{"x":-0.21784383058547975,"y":0.06196361035108566,"z":-0.01289598923176527,"w":-0.9743989109992981},"size":1.5877587795257569,"orthographic":false}