{"cameraMode":{"drawMode":0,"name":"Shaded","section":"Shading Mode"},"sceneLighting":false,"audioPlay":false,"sceneViewState":{"showFog":true,"showMaterialUpdate":false,"showSkybox":false,"showFlares":true,"showImageEffects":true,"showParticleSystems":true},"in2DMode":false,"pivot":{"x":1.0281773805618287,"y":0.4853822886943817,"z":0.9546555876731873},"rotation":{"x":0.041694048792123798,"y":-0.6898977160453796,"z":0.04352584481239319,"w":0.7220779657363892},"size":1.542464017868042,"orthographic":false}