{"cameraMode":{"drawMode":0,"name":"Shaded","section":"Shading Mode"},"sceneLighting":false,"audioPlay":false,"sceneViewState":{"showFog":true,"showMaterialUpdate":false,"showSkybox":false,"showFlares":true,"showImageEffects":true,"showParticleSystems":true},"in2DMode":false,"pivot":{"x":-3.033163547515869,"y":-4.220800399780273,"z":-2.6416687965393068},"rotation":{"x":-0.007671503350138664,"y":0.9745649099349976,"z":-0.2196701616048813,"w":-0.06238409876823425},"size":13.397990226745606,"orthographic":false}