{"cameraMode":{"drawMode":0,"name":"Shaded","section":"Shading Mode"},"sceneLighting":false,"audioPlay":false,"sceneViewState":{"showFog":true,"showMaterialUpdate":false,"showSkybox":false,"showFlares":true,"showImageEffects":true,"showParticleSystems":true},"in2DMode":false,"pivot":{"x":3.2425482273101808,"y":0.7273979187011719,"z":2.440746307373047},"rotation":{"x":0.005189600400626659,"y":0.7176720499992371,"z":-0.004156574606895447,"w":0.6966118216514587},"size":9.958823204040528,"orthographic":false}