{"cameraMode":{"drawMode":0,"name":"Shaded","section":"Shading Mode"},"sceneLighting":false,"audioPlay":false,"sceneViewState":{"showFog":true,"showMaterialUpdate":false,"showSkybox":false,"showFlares":true,"showImageEffects":true,"showParticleSystems":true},"in2DMode":false,"pivot":{"x":0.22527176141738892,"y":-0.8117297887802124,"z":2.263672113418579},"rotation":{"x":0.20295847952365876,"y":0.05230170860886574,"z":-0.010104016400873661,"w":0.9779255986213684},"size":9.958824157714844,"orthographic":false}