{"cameraMode":{"drawMode":0,"name":"Shaded","section":"Shading Mode"},"sceneLighting":false,"audioPlay":false,"sceneViewState":{"showFog":true,"showMaterialUpdate":false,"showSkybox":false,"showFlares":true,"showImageEffects":true,"showParticleSystems":true},"in2DMode":false,"pivot":{"x":0.12144120782613754,"y":0.25443190336227419,"z":0.43232473731040957},"rotation":{"x":-0.05331091210246086,"y":0.6600001454353333,"z":-0.04914598539471626,"w":-0.7483874559402466},"size":1.6333787441253663,"orthographic":false}