{"cameraMode":{"drawMode":0,"name":"Shaded","section":"Shading Mode"},"sceneLighting":false,"audioPlay":false,"sceneViewState":{"showFog":true,"showMaterialUpdate":false,"showSkybox":false,"showFlares":true,"showImageEffects":true,"showParticleSystems":true},"in2DMode":false,"pivot":{"x":14.693889617919922,"y":18.295515060424806,"z":-1.6656851768493653},"rotation":{"x":-0.01627395674586296,"y":0.7893387675285339,"z":-0.6137431263923645,"w":-0.020711209625005723},"size":5.9201555252075199,"orthographic":false}