{"cameraMode":{"drawMode":0,"name":"Shaded","section":"Shading Mode"},"sceneLighting":false,"audioPlay":false,"sceneViewState":{"showFog":true,"showMaterialUpdate":false,"showSkybox":false,"showFlares":true,"showImageEffects":true,"showParticleSystems":true},"in2DMode":false,"pivot":{"x":-2.5,"y":0.6354953050613403,"z":0.046500395983457568},"rotation":{"x":0.01997615210711956,"y":-0.9770253896713257,"z":0.18150544166564942,"w":0.11158233880996704},"size":8.493999481201172,"orthographic":false}