{"cameraMode":{"drawMode":0,"name":"Shaded","section":"Shading Mode"},"sceneLighting":false,"audioPlay":false,"sceneViewState":{"showFog":true,"showMaterialUpdate":false,"showSkybox":false,"showFlares":true,"showImageEffects":true,"showParticleSystems":true},"in2DMode":false,"pivot":{"x":-0.11162592470645905,"y":0.16308148205280305,"z":-0.5295138359069824},"rotation":{"x":0.0009203203371725977,"y":-0.9974652528762817,"z":0.0707499086856842,"w":0.014099497348070145},"size":1.1976900100708008,"orthographic":false}