{"cameraMode":{"drawMode":0,"name":"Shaded","section":"Shading Mode"},"sceneLighting":false,"audioPlay":false,"sceneViewState":{"showFog":true,"showMaterialUpdate":false,"showSkybox":false,"showFlares":true,"showImageEffects":true,"showParticleSystems":true},"in2DMode":false,"pivot":{"x":0.7801341414451599,"y":8.361069679260254,"z":-8.865212440490723},"rotation":{"x":-0.0022371578961610796,"y":-0.9992119669914246,"z":0.03474939614534378,"w":-0.02555168606340885},"size":14.608879089355469,"orthographic":false}