{"cameraMode":{"drawMode":0,"name":"Shaded","section":"Shading Mode"},"sceneLighting":false,"audioPlay":false,"sceneViewState":{"showFog":true,"showMaterialUpdate":false,"showSkybox":false,"showFlares":true,"showImageEffects":true,"showParticleSystems":true},"in2DMode":false,"pivot":{"x":-1.7941879034042359,"y":0.3579480051994324,"z":-0.02466505765914917},"rotation":{"x":0.014485408551990986,"y":-0.6807569861412048,"z":-0.015832753852009774,"w":-0.732837975025177},"size":4.218410015106201,"orthographic":false}