{"cameraMode":{"drawMode":0,"name":"Shaded","section":"Shading Mode"},"sceneLighting":false,"audioPlay":false,"sceneViewState":{"showFog":true,"showMaterialUpdate":false,"showSkybox":false,"showFlares":true,"showImageEffects":true,"showParticleSystems":true},"in2DMode":false,"pivot":{"x":-0.31150248646736147,"y":0.30836543440818789,"z":0.036285776644945148},"rotation":{"x":0.010778164491057396,"y":-0.9854222536087036,"z":0.15412838757038117,"w":0.07374215126037598},"size":1.2088849544525147,"orthographic":false}