{"cameraMode":{"drawMode":0,"name":"Shaded","section":"Shading Mode"},"sceneLighting":false,"audioPlay":false,"sceneViewState":{"showFog":true,"showMaterialUpdate":false,"showSkybox":false,"showFlares":true,"showImageEffects":true,"showParticleSystems":true},"in2DMode":false,"pivot":{"x":1.057222843170166,"y":0.15312977135181428,"z":-0.9981186389923096},"rotation":{"x":-0.07519498467445374,"y":0.763853132724762,"z":-0.10016721487045288,"w":-0.6346827745437622},"size":26.47662353515625,"orthographic":false}