{"cameraMode":{"drawMode":0,"name":"Shaded","section":"Shading Mode"},"sceneLighting":false,"audioPlay":false,"sceneViewState":{"showFog":true,"showMaterialUpdate":false,"showSkybox":false,"showFlares":true,"showImageEffects":true,"showParticleSystems":true},"in2DMode":false,"pivot":{"x":-3.861980676651001,"y":-4.756054878234863,"z":34.24089431762695},"rotation":{"x":0.09481459110975266,"y":-0.0050061666406691078,"z":-0.0020610294304788114,"w":0.9972012639045715},"size":52.193275451660159,"orthographic":false}