{"cameraMode":{"drawMode":0,"name":"Shaded","section":"Shading Mode"},"sceneLighting":false,"audioPlay":false,"sceneViewState":{"showFog":true,"showMaterialUpdate":false,"showSkybox":false,"showFlares":true,"showImageEffects":true,"showParticleSystems":true},"in2DMode":false,"pivot":{"x":-46.864891052246097,"y":-15.54509449005127,"z":-37.55424499511719},"rotation":{"x":-0.07745128124952316,"y":0.8645094037055969,"z":-0.15438014268875123,"w":-0.4741009473800659},"size":74.86036682128906,"orthographic":false}