{"cameraMode":{"drawMode":0,"name":"Shaded","section":"Shading Mode"},"sceneLighting":false,"audioPlay":false,"sceneViewState":{"showFog":true,"showMaterialUpdate":false,"showSkybox":false,"showFlares":true,"showImageEffects":true,"showParticleSystems":true},"in2DMode":false,"pivot":{"x":0.16093836724758149,"y":0.3493785262107849,"z":-0.12103093415498734},"rotation":{"x":0.046462323516607288,"y":0.028733646497130395,"z":0.0006830121274106205,"w":0.9989660978317261},"size":1.6526976823806763,"orthographic":false}