{"cameraMode":{"drawMode":0,"name":"Shaded","section":"Shading Mode"},"sceneLighting":false,"audioPlay":false,"sceneViewState":{"showFog":true,"showMaterialUpdate":false,"showSkybox":false,"showFlares":true,"showImageEffects":true,"showParticleSystems":true},"in2DMode":false,"pivot":{"x":-0.0014509856700897217,"y":0.3256131410598755,"z":-0.43448615074157717},"rotation":{"x":-0.010663538239896298,"y":0.9738402366638184,"z":-0.221112459897995,"w":-0.0528552271425724},"size":2.6405880451202394,"orthographic":false}