{"cameraMode":{"drawMode":0,"name":"Shaded","section":"Shading Mode"},"sceneLighting":false,"audioPlay":false,"sceneViewState":{"showFog":true,"showMaterialUpdate":false,"showSkybox":false,"showFlares":true,"showImageEffects":true,"showParticleSystems":true},"in2DMode":false,"pivot":{"x":-10.099786758422852,"y":1.5304707288742066,"z":-11.563878059387207},"rotation":{"x":-0.01811940222978592,"y":-0.9519657492637634,"z":0.30043140053749087,"w":-0.05746128410100937},"size":22.0,"orthographic":false}