{"cameraMode":{"drawMode":0,"name":"Shaded","section":"Shading Mode"},"sceneLighting":false,"audioPlay":false,"sceneViewState":{"showFog":true,"showMaterialUpdate":false,"showSkybox":false,"showFlares":true,"showImageEffects":true,"showParticleSystems":true},"in2DMode":false,"pivot":{"x":1.0946451425552369,"y":0.5409111380577087,"z":0.0791705772280693},"rotation":{"x":0.08354056626558304,"y":0.6065191030502319,"z":-0.06331965327262879,"w":0.7883777022361755},"size":4.731467247009277,"orthographic":false}