{"cameraMode":{"drawMode":0,"name":"Shaded","section":"Shading Mode"},"sceneLighting":false,"audioPlay":false,"sceneViewState":{"showFog":true,"showMaterialUpdate":false,"showSkybox":false,"showFlares":true,"showImageEffects":true,"showParticleSystems":true},"in2DMode":false,"pivot":{"x":-0.38011884689331057,"y":1.0601780414581299,"z":0.1455988883972168},"rotation":{"x":0.07084786891937256,"y":-0.6525415778160095,"z":0.06501411646604538,"w":0.7522852420806885},"size":3.120368719100952,"orthographic":false}