{"cameraMode":{"drawMode":0,"name":"Shaded","section":"Shading Mode"},"sceneLighting":false,"audioPlay":false,"sceneViewState":{"showFog":true,"showMaterialUpdate":false,"showSkybox":false,"showFlares":true,"showImageEffects":true,"showParticleSystems":true},"in2DMode":false,"pivot":{"x":-0.002940259873867035,"y":0.1247163712978363,"z":0.810615599155426},"rotation":{"x":0.09132744371891022,"y":-0.0026419812347739937,"z":0.0022860667668282987,"w":0.9962758421897888},"size":1.6290301084518433,"orthographic":false}