{"cameraMode":{"drawMode":0,"name":"Shaded","section":"Shading Mode"},"sceneLighting":false,"audioPlay":false,"sceneViewState":{"showFog":true,"showMaterialUpdate":false,"showSkybox":false,"showFlares":true,"showImageEffects":true,"showParticleSystems":true},"in2DMode":false,"pivot":{"x":-3.193185567855835,"y":4.065960884094238,"z":28.240081787109376},"rotation":{"x":-0.010207702405750752,"y":-0.00832863338291645,"z":-0.0011721915798261762,"w":-0.9999687075614929},"size":50.27954864501953,"orthographic":false}