{"cameraMode":{"drawMode":0,"name":"Shaded","section":"Shading Mode"},"sceneLighting":false,"audioPlay":false,"sceneViewState":{"showFog":true,"showMaterialUpdate":false,"showSkybox":false,"showFlares":true,"showImageEffects":true,"showParticleSystems":true},"in2DMode":false,"pivot":{"x":-0.6969031095504761,"y":0.40108251571655276,"z":0.5832443833351135},"rotation":{"x":-0.0355418398976326,"y":0.7613914608955383,"z":-0.04302091896533966,"w":-0.6466783881187439},"size":2.861043930053711,"orthographic":false}