{"cameraMode":{"drawMode":0,"name":"Shaded","section":"Shading Mode"},"sceneLighting":false,"audioPlay":false,"sceneViewState":{"showFog":true,"showMaterialUpdate":false,"showSkybox":false,"showFlares":true,"showImageEffects":true,"showParticleSystems":true},"in2DMode":false,"pivot":{"x":-2.4540064334869386,"y":1.6651544570922852,"z":0.6668670177459717},"rotation":{"x":-0.002781716175377369,"y":-0.9988373517990112,"z":0.057972073554992679,"w":0.018558787181973459},"size":11.956001281738282,"orthographic":false}