{"cameraMode":{"drawMode":0,"name":"Shaded","section":"Shading Mode"},"sceneLighting":false,"audioPlay":false,"sceneViewState":{"showFog":true,"showMaterialUpdate":false,"showSkybox":false,"showFlares":true,"showImageEffects":true,"showParticleSystems":true},"in2DMode":false,"pivot":{"x":-0.8291153311729431,"y":0.5826523900032044,"z":0.8124735951423645},"rotation":{"x":0.10935097187757492,"y":0.6198857426643372,"z":-0.08648567646741867,"w":0.7728686332702637},"size":1.1841716766357422,"orthographic":false}