{"cameraMode":{"drawMode":0,"name":"Shaded","section":"Shading Mode"},"sceneLighting":false,"audioPlay":false,"sceneViewState":{"showFog":true,"showMaterialUpdate":false,"showSkybox":false,"showFlares":true,"showImageEffects":true,"showParticleSystems":true},"in2DMode":false,"pivot":{"x":-1.2683669328689576,"y":0.5986801385879517,"z":0.12631338834762574},"rotation":{"x":0.007113235536962748,"y":-0.9824544787406921,"z":0.18246248364448548,"w":0.042487725615501407},"size":4.6006550788879398,"orthographic":false}