{"cameraMode":{"drawMode":0,"name":"Shaded","section":"Shading Mode"},"sceneLighting":false,"audioPlay":false,"sceneViewState":{"showFog":true,"showMaterialUpdate":false,"showSkybox":false,"showFlares":true,"showImageEffects":true,"showParticleSystems":true},"in2DMode":false,"pivot":{"x":0.2738340497016907,"y":0.5987401604652405,"z":-1.0769906044006348},"rotation":{"x":-0.058547548949718478,"y":-0.0039638737216591839,"z":0.001331327366642654,"w":-0.9999986886978149},"size":3.8982019424438478,"orthographic":false}