{"cameraMode":{"drawMode":0,"name":"Shaded","section":"Shading Mode"},"sceneLighting":false,"audioPlay":false,"sceneViewState":{"showFog":true,"showMaterialUpdate":false,"showSkybox":false,"showFlares":true,"showImageEffects":true,"showParticleSystems":true},"in2DMode":false,"pivot":{"x":1.5364463329315186,"y":0.7823532223701477,"z":-1.3448618650436402},"rotation":{"x":-0.07748538255691529,"y":0.35731297731399538,"z":-0.0321459025144577,"w":-0.9307025074958801},"size":2.037809371948242,"orthographic":false}