{"cameraMode":{"drawMode":0,"name":"Shaded","section":"Shading Mode"},"sceneLighting":false,"audioPlay":false,"sceneViewState":{"showFog":true,"showMaterialUpdate":false,"showSkybox":false,"showFlares":true,"showImageEffects":true,"showParticleSystems":true},"in2DMode":false,"pivot":{"x":-12.24984073638916,"y":-2.8821187019348146,"z":1.3920103311538697},"rotation":{"x":-0.13478121161460877,"y":0.6590702533721924,"z":-0.13031931221485139,"w":-0.7296982407569885},"size":25.723360061645509,"orthographic":false}