{"cameraMode":{"drawMode":0,"name":"Shaded","section":"Shading Mode"},"sceneLighting":false,"audioPlay":false,"sceneViewState":{"showFog":true,"showMaterialUpdate":false,"showSkybox":false,"showFlares":true,"showImageEffects":true,"showParticleSystems":true},"in2DMode":false,"pivot":{"x":-28.015262603759767,"y":4.442106246948242,"z":-16.713502883911134},"rotation":{"x":0.01561715453863144,"y":0.850866436958313,"z":0.014098373241722584,"w":-0.5268454551696777},"size":51.931846618652347,"orthographic":false}