{"cameraMode":{"drawMode":0,"name":"Shaded","section":"Shading Mode"},"sceneLighting":true,"audioPlay":false,"sceneViewState":{"showFog":true,"showMaterialUpdate":false,"showSkybox":false,"showFlares":true,"showImageEffects":true,"showParticleSystems":true},"in2DMode":false,"pivot":{"x":-1.4919344186782838,"y":0.630989670753479,"z":-2.311627149581909},"rotation":{"x":0.001557355746626854,"y":-0.2840283513069153,"z":-0.009607440792024136,"w":-0.9606571793556213},"size":1.0749082565307618,"orthographic":false}