{"cameraMode":{"drawMode":0,"name":"Shaded","section":"Shading Mode"},"sceneLighting":false,"audioPlay":false,"sceneViewState":{"showFog":true,"showMaterialUpdate":false,"showSkybox":false,"showFlares":true,"showImageEffects":true,"showParticleSystems":true},"in2DMode":false,"pivot":{"x":-0.5559688806533814,"y":0.271878182888031,"z":-0.004331707954406738},"rotation":{"x":-0.15966594219207765,"y":-0.17279353737831117,"z":0.026737593114376069,"w":-0.9720484018325806},"size":1.586340069770813,"orthographic":false}