{"cameraMode":{"drawMode":0,"name":"Shaded","section":"Shading Mode"},"sceneLighting":false,"audioPlay":false,"sceneViewState":{"showFog":true,"showMaterialUpdate":false,"showSkybox":false,"showFlares":true,"showImageEffects":true,"showParticleSystems":true},"in2DMode":false,"pivot":{"x":-2.501232862472534,"y":0.16761380434036256,"z":2.5309438705444338},"rotation":{"x":-0.18659164011478425,"y":-0.03904806822538376,"z":0.0010605741990730167,"w":-0.9826701879501343},"size":10.696188926696778,"orthographic":false}