{"cameraMode":{"drawMode":0,"name":"Shaded","section":"Shading Mode"},"sceneLighting":false,"audioPlay":false,"sceneViewState":{"showFog":true,"showMaterialUpdate":false,"showSkybox":false,"showFlares":true,"showImageEffects":true,"showParticleSystems":true},"in2DMode":false,"pivot":{"x":0.035647034645080569,"y":0.2724316418170929,"z":-0.609019935131073},"rotation":{"x":0.0019463665084913374,"y":-0.9964653253555298,"z":0.0715901255607605,"w":0.05351260304450989},"size":3.3355400562286379,"orthographic":false}