{"cameraMode":{"drawMode":0,"name":"Shaded","section":"Shading Mode"},"sceneLighting":false,"audioPlay":false,"sceneViewState":{"showFog":true,"showMaterialUpdate":false,"showSkybox":false,"showFlares":true,"showImageEffects":true,"showParticleSystems":true},"in2DMode":false,"pivot":{"x":-0.028618933632969857,"y":0.48020491003990176,"z":0.6527404189109802},"rotation":{"x":-0.015071281231939793,"y":0.007633777800947428,"z":0.002132778987288475,"w":1.0003137588500977},"size":1.6526976823806763,"orthographic":false}