{"cameraMode":{"drawMode":0,"name":"Shaded","section":"Shading Mode"},"sceneLighting":false,"audioPlay":false,"sceneViewState":{"showFog":true,"showMaterialUpdate":false,"showSkybox":false,"showFlares":true,"showImageEffects":true,"showParticleSystems":true},"in2DMode":false,"pivot":{"x":0.018433766439557077,"y":0.2614102363586426,"z":0.6242209076881409},"rotation":{"x":-0.039505235850811008,"y":0.013276920653879643,"z":-0.0019791016820818187,"w":-0.9996007680892944},"size":1.6333787441253663,"orthographic":false}