{"cameraMode":{"drawMode":0,"name":"Shaded","section":"Shading Mode"},"sceneLighting":false,"audioPlay":false,"sceneViewState":{"showFog":true,"showMaterialUpdate":false,"showSkybox":false,"showFlares":true,"showImageEffects":true,"showParticleSystems":true},"in2DMode":false,"pivot":{"x":-0.8820285797119141,"y":0.10288338363170624,"z":-1.9464846849441529},"rotation":{"x":0.019812168553471566,"y":-0.9272956252098084,"z":0.054665736854076388,"w":0.3710474371910095},"size":3.3355400562286379,"orthographic":false}