{"cameraMode":{"drawMode":0,"name":"Shaded","section":"Shading Mode"},"sceneLighting":false,"audioPlay":false,"sceneViewState":{"showFog":true,"showMaterialUpdate":false,"showSkybox":false,"showFlares":true,"showImageEffects":true,"showParticleSystems":true},"in2DMode":false,"pivot":{"x":-1.2500941753387452,"y":0.6569899320602417,"z":0.0},"rotation":{"x":-0.0015219763154163957,"y":-0.9879324436187744,"z":0.1559794694185257,"w":-0.004743779078125954},"size":4.498453140258789,"orthographic":false}