{"cameraMode":{"drawMode":0,"name":"Shaded","section":"Shading Mode"},"sceneLighting":false,"audioPlay":false,"sceneViewState":{"showFog":true,"showMaterialUpdate":false,"showSkybox":false,"showFlares":true,"showImageEffects":true,"showParticleSystems":true},"in2DMode":false,"pivot":{"x":0.14177794754505158,"y":0.31108102202415469,"z":-0.01636183261871338},"rotation":{"x":0.0006354282377287746,"y":0.9990748763084412,"z":-0.03807629272341728,"w":-0.03652428463101387},"size":1.6127724647521973,"orthographic":false}