{"cameraMode":{"drawMode":0,"name":"Shaded","section":"Shading Mode"},"sceneLighting":false,"audioPlay":false,"sceneViewState":{"showFog":true,"showMaterialUpdate":false,"showSkybox":false,"showFlares":true,"showImageEffects":true,"showParticleSystems":true},"in2DMode":false,"pivot":{"x":0.13892735540866853,"y":0.39355403184890749,"z":-0.12456204742193222},"rotation":{"x":-0.0038437028415501119,"y":0.9894130825996399,"z":-0.04089641571044922,"w":-0.1425081491470337},"size":1.324556589126587,"orthographic":false}