{"cameraMode":{"drawMode":0,"name":"Shaded","section":"Shading Mode"},"sceneLighting":false,"audioPlay":false,"sceneViewState":{"showFog":true,"showMaterialUpdate":false,"showSkybox":false,"showFlares":true,"showImageEffects":true,"showParticleSystems":true},"in2DMode":false,"pivot":{"x":0.025828450918197633,"y":0.3703966736793518,"z":-0.00666654109954834},"rotation":{"x":-0.009047241881489754,"y":0.9814584851264954,"z":-0.18890486657619477,"w":-0.06733991950750351},"size":2.478771448135376,"orthographic":false}