{"cameraMode":{"drawMode":0,"name":"Shaded","section":"Shading Mode"},"sceneLighting":false,"audioPlay":false,"sceneViewState":{"showFog":true,"showMaterialUpdate":false,"showSkybox":false,"showFlares":true,"showImageEffects":true,"showParticleSystems":true},"in2DMode":false,"pivot":{"x":0.0007222816348075867,"y":0.1841369867324829,"z":0.005243241786956787},"rotation":{"x":-0.009047241881489754,"y":0.9814584851264954,"z":-0.18890486657619477,"w":-0.06733991950750351},"size":1.3543086051940919,"orthographic":false}