{"cameraMode":{"drawMode":0,"name":"Shaded","section":"Shading Mode"},"sceneLighting":false,"audioPlay":false,"sceneViewState":{"showFog":true,"showMaterialUpdate":false,"showSkybox":false,"showFlares":true,"showImageEffects":true,"showParticleSystems":true},"in2DMode":false,"pivot":{"x":-2.5162034034729006,"y":-0.09684883803129196,"z":1.3742538690567017},"rotation":{"x":0.023028234019875528,"y":-0.6169760227203369,"z":0.021082982420921327,"w":0.7869742512702942},"size":6.2361860275268559,"orthographic":false}