{"cameraMode":{"drawMode":0,"name":"Shaded","section":"Shading Mode"},"sceneLighting":true,"audioPlay":false,"sceneViewState":{"showFog":true,"showMaterialUpdate":false,"showSkybox":false,"showFlares":true,"showImageEffects":true,"showParticleSystems":true},"in2DMode":false,"pivot":{"x":0.6418430209159851,"y":1.3334606885910035,"z":-1.591981291770935},"rotation":{"x":0.008493265137076378,"y":1.0017815828323365,"z":-0.001176902325823903,"w":0.0023209864739328624},"size":3.5334384441375734,"orthographic":false}