{"cameraMode":{"drawMode":0,"name":"Shaded","section":"Shading Mode"},"sceneLighting":false,"audioPlay":false,"sceneViewState":{"showFog":true,"showMaterialUpdate":false,"showSkybox":false,"showFlares":true,"showImageEffects":true,"showParticleSystems":true},"in2DMode":false,"pivot":{"x":7.842371940612793,"y":2.930086851119995,"z":8.439335823059082},"rotation":{"x":-0.01145202200859785,"y":-0.2981042265892029,"z":0.003584079910069704,"w":-0.9544767737388611},"size":0.28676992654800417,"orthographic":false}