{"cameraMode":{"drawMode":0,"name":"Shaded","section":"Shading Mode"},"sceneLighting":false,"audioPlay":false,"sceneViewState":{"showFog":true,"showMaterialUpdate":false,"showSkybox":false,"showFlares":true,"showImageEffects":true,"showParticleSystems":true},"in2DMode":false,"pivot":{"x":0.008436508476734162,"y":0.0968887209892273,"z":0.002614445984363556},"rotation":{"x":-0.037601418793201449,"y":0.9465876817703247,"z":-0.2974192500114441,"w":-0.13290615379810334},"size":0.5667675137519836,"orthographic":false}